{
    "Afrikaans": 14.985100042571307,
    "Arabic": 11.140235910878113,
    "Assamese": 17.203548085901026,
    "Azerbaijani": 15.494353935005602,
    "Bashkir": 13.580246913580247,
    "Bulgarian": 14.547497288083061,
    "Bhojpuri": 14.090762273901808,
    "Bangla": 16.13188367364978,
    "Bodo": 14.126149802890932,
    "Bosnian": 14.308492782813024,
    "Catalan": 16.559000861326442,
    "Czech": 14.001308151418527,
    "Welsh": 12.6792944890536,
    "Danish": 16.473123955309227,
    "German": 17.68689298761472,
    "Dogri": 14.893696942378485,
    "Lower Sorbian": 13.88888888888889,
    "Greek": 17.22652885443583,
    "English": 17.86241511662238,
    "Spanish": 18.300102967331274,
    "Estonian": 16.764995083579155,
    "Basque": 15.132974384075707,
    "Persian": 13.159940906616903,
    "Finnish": 14.299687010954617,
    "Filipino": 14.544025157232705,
    "Fijian": 15.406162464985993,
    "Faroese": 12.10536509781135,
    "French": 21.795672076570952,
    "French (Canada)": 21.48542540604496,
    "Irish": 15.988486712404386,
    "Galician": 16.848816029143897,
    "Konkani": 15.404040404040403,
    "Hausa": 14.911014911014911,
    "Hebrew": 12.714206744057492,
    "Hindi": 14.336328438892542,
    "Chhattisgarhi": 13.939763939763939,
    "Croatian": 14.401709401709402,
    "Upper Sorbian": 14.011799410029498,
    "Haitian Creole": 15.848058300888491,
    "Hungarian": 14.151651651651651,
    "Armenian": 17.965110516404003,
    "Indonesian": 15.516253172848606,
    "Igbo": 13.88888888888889,
    "Inuinnaqtun": 16.173245614035086,
    "Icelandic": 14.625265913925709,
    "Italian": 18.016194331983804,
    "Inuktitut (Latin)": 14.570552147239264,
    "Japanese": 6.64344685242518,
    "Georgian": 18.316466371494833,
    "Kazakh": 15.057987280209503,
    "Khmer": 16.912320483749056,
    "Kurdish (Northern)": 15.30259863593197,
    "Kannada": 17.290480065093572,
    "Korean": 7.758916323731139,
    "Kashmiri": 20.187793427230044,
    "Kurdish (Central)": 22.023809523809526,
    "Kyrgyz": 5.9779383530561665,
    "Lingala": 12.929932233729703,
    "Lao": 15.708015708015708,
    "Lithuanian": 16.92236169223617,
    "Ganda": 14.58287067880672,
    "Latvian": 15.3706652512385,
    "Chinese (Literary)": 5.487804878048781,
    "Maithili": 13.839742077534009,
    "Malagasy": 13.135103926096999,
    "Macedonian": 15.688888888888888,
    "Malayalam": 17.93396932285821,
    "Mongolian (Cyrillic)": 9.83087930932529,
    "Marathi": 14.64926464926465,
    "Malay": 15.41636319495023,
    "Maltese": 15.038924274593064,
    "Hmong Daw": 13.880466275857422,
    "Myanmar (Burmese)": 19.331016507384884,
    "Norwegian": 16.8747737965979,
    "Nepali": 14.189346359618515,
    "Dutch": 16.56807270233196,
    "Sesotho sa Leboa": 14.670607384562667,
    "Nyanja": 14.898455265427742,
    "Polish": 14.450753095181769,
    "Dari": 12.898885044213763,
    "Pashto": 16.765432098765434,
    "Portuguese (Brazil)": 16.675340445832248,
    "Portuguese (Portugal)": 16.675374433995124,
    "Romanian": 16.23766623766624,
    "Russian": 14.875315656565656,
    "Rundi": 11.991103374915387,
    "Kinyarwanda": 15.594085181714048,
    "Sindhi": 13.153053715967623,
    "Sinhala": 17.125532612258276,
    "Slovak": 14.073297616274555,
    "Slovenian": 15.09809239670916,
    "Samoan": 16.358493752110775,
    "Shona": 14.37908496732026,
    "Somali": 14.872866597004528,
    "Albanian": 16.18988391376451,
    "Serbian (Cyrillic)": 16.047214905862845,
    "Serbian (Latin)": 14.0914129785964,
    "Sesotho": 16.01908657123381,
    "Swedish": 17.050777590406597,
    "Swahili": 15.819209039548024,
    "Tamil": 14.422100345317896,
    "Telugu": 14.449427005480818,
    "Thai": 14.207650273224044,
    "Turkmen": 15.674765674765673,
    "Klingon (Latin)": 12.542684528500132,
    "Setswana": 15.616127200454287,
    "Tongan": 15.600966820479016,
    "Turkish": 15.403253721010731,
    "Tatar": 14.66725043782837,
    "Tahitian": 16.296054065838238,
    "Uyghur": 17.078838902043323,
    "Ukrainian": 15.879230836161142,
    "Urdu": 19.284386617100374,
    "Uzbek (Latin)": 16.148915187376726,
    "Vietnamese": 17.01682466478777,
    "Xhosa": 12.977074378012246,
    "Yoruba": 13.711185933408155,
    "Yucatec Maya": 16.837481698389457,
    "Cantonese (Traditional)": 4.570180131977884,
    "Chinese Simplified": 5.550509637703098,
    "Chinese Traditional": 4.796006944444445,
    "Zulu": 15.000386607902266
}